-- MySQL dump 10.13  Distrib 8.0.45, for Win64 (x86_64)
--
-- Host: localhost    Database: languagecentermanagementsystem
-- ------------------------------------------------------
-- Server version	8.0.45

/*!40101 SET @OLD_CHARACTER_SET_CLIENT=@@CHARACTER_SET_CLIENT */;
/*!40101 SET @OLD_CHARACTER_SET_RESULTS=@@CHARACTER_SET_RESULTS */;
/*!40101 SET @OLD_COLLATION_CONNECTION=@@COLLATION_CONNECTION */;
/*!50503 SET NAMES utf8 */;
/*!40103 SET @OLD_TIME_ZONE=@@TIME_ZONE */;
/*!40103 SET TIME_ZONE='+00:00' */;
/*!40014 SET @OLD_UNIQUE_CHECKS=@@UNIQUE_CHECKS, UNIQUE_CHECKS=0 */;
/*!40014 SET @OLD_FOREIGN_KEY_CHECKS=@@FOREIGN_KEY_CHECKS, FOREIGN_KEY_CHECKS=0 */;
/*!40101 SET @OLD_SQL_MODE=@@SQL_MODE, SQL_MODE='NO_AUTO_VALUE_ON_ZERO' */;
/*!40111 SET @OLD_SQL_NOTES=@@SQL_NOTES, SQL_NOTES=0 */;

--
-- Table structure for table `attendance`
--

DROP TABLE IF EXISTS `attendance`;
/*!40101 SET @saved_cs_client     = @@character_set_client */;
/*!50503 SET character_set_client = utf8mb4 */;
CREATE TABLE `attendance` (
  `attendance_id` bigint NOT NULL AUTO_INCREMENT,
  `created_at` datetime(6) DEFAULT NULL,
  `status` enum('ABSENT','EXCUSED','LATE','PRESENT') DEFAULT NULL,
  `updated_at` datetime(6) DEFAULT NULL,
  `schedule_id` bigint NOT NULL,
  `student_id` bigint NOT NULL,
  PRIMARY KEY (`attendance_id`),
  UNIQUE KEY `unq_attendance` (`schedule_id`,`student_id`),
  KEY `FKnq6vm31it076obtjf2qp5coim` (`student_id`),
  CONSTRAINT `FK3ubfa45l2ve7k80jlxkwh5ht5` FOREIGN KEY (`schedule_id`) REFERENCES `schedule` (`schedule_id`),
  CONSTRAINT `FKnq6vm31it076obtjf2qp5coim` FOREIGN KEY (`student_id`) REFERENCES `student` (`student_id`)
) ENGINE=InnoDB AUTO_INCREMENT=351 DEFAULT CHARSET=utf8mb4 COLLATE=utf8mb4_0900_ai_ci;
/*!40101 SET character_set_client = @saved_cs_client */;

--
-- Dumping data for table `attendance`
--

LOCK TABLES `attendance` WRITE;
/*!40000 ALTER TABLE `attendance` DISABLE KEYS */;
INSERT INTO `attendance` VALUES (1,'2026-03-12 15:01:08.367726','EXCUSED','2026-03-13 14:34:05.394360',1,2),(2,'2026-03-12 15:01:08.379702','LATE','2026-03-13 20:23:55.321808',2,2),(3,'2026-03-12 15:01:08.393798','PRESENT','2026-03-12 15:01:08.393798',3,2),(4,'2026-03-12 15:01:08.407138','PRESENT','2026-03-12 15:01:08.407138',4,2),(5,'2026-03-12 15:01:08.418139','PRESENT','2026-03-12 15:01:08.418139',5,2),(6,'2026-03-12 15:01:08.429140','PRESENT','2026-03-12 15:01:08.429140',6,2),(7,'2026-03-12 15:01:08.440137','PRESENT','2026-03-12 15:01:08.440137',7,2),(8,'2026-03-12 15:01:08.452515','PRESENT','2026-03-12 15:01:08.452515',8,2),(9,'2026-03-12 15:01:08.464517','PRESENT','2026-03-12 15:01:08.464517',9,2),(10,'2026-03-12 15:01:08.474603','PRESENT','2026-03-12 15:01:08.475610',10,2),(11,'2026-03-12 15:01:08.486080','PRESENT','2026-03-12 15:01:08.486080',11,2),(12,'2026-03-12 15:01:08.498242','PRESENT','2026-03-12 15:01:08.498242',12,2),(13,'2026-03-12 15:01:08.511238','PRESENT','2026-03-12 15:01:08.511238',13,2),(14,'2026-03-12 15:01:08.527216','PRESENT','2026-03-12 15:01:08.527216',14,2),(15,'2026-03-12 15:01:08.545624','PRESENT','2026-03-12 15:01:08.545624',15,2),(16,'2026-03-12 15:01:08.562257','PRESENT','2026-03-12 15:01:08.562257',16,2),(17,'2026-03-12 15:01:08.579758','PRESENT','2026-03-12 15:01:08.579758',17,2),(18,'2026-03-12 15:01:08.591104','PRESENT','2026-03-12 15:01:08.591104',18,2),(19,'2026-03-12 15:01:08.604543','PRESENT','2026-03-12 15:01:08.604543',19,2),(20,'2026-03-12 15:01:08.616711','PRESENT','2026-03-12 15:01:08.616711',20,2),(21,'2026-03-12 15:01:08.629267','PRESENT','2026-03-12 15:01:08.629267',21,2),(22,'2026-03-12 15:01:08.641687','PRESENT','2026-03-12 15:01:08.641687',22,2),(23,'2026-03-12 15:01:08.656200','PRESENT','2026-03-12 15:01:08.656200',23,2),(24,'2026-03-12 15:01:08.671201','PRESENT','2026-03-12 15:01:08.671201',24,2),(25,'2026-03-13 09:14:54.088675','LATE','2026-03-13 14:35:11.813293',25,11),(26,'2026-03-13 09:14:54.110684','PRESENT','2026-03-13 09:14:54.110684',26,11),(27,'2026-03-13 09:14:54.129691','PRESENT','2026-03-13 09:14:54.130684',27,11),(28,'2026-03-13 09:14:54.152746','PRESENT','2026-03-13 09:14:54.152746',28,11),(29,'2026-03-13 09:14:54.175754','PRESENT','2026-03-13 09:14:54.175754',29,11),(30,'2026-03-13 09:14:54.193845','PRESENT','2026-03-13 09:14:54.194843',30,11),(31,'2026-03-13 09:14:54.219980','PRESENT','2026-03-13 09:14:54.219980',31,11),(32,'2026-03-13 09:14:54.239979','PRESENT','2026-03-13 09:14:54.239979',32,11),(33,'2026-03-13 09:14:54.257990','PRESENT','2026-03-13 09:14:54.257990',33,11),(34,'2026-03-13 09:14:54.274978','PRESENT','2026-03-13 09:14:54.274978',34,11),(35,'2026-03-13 09:14:54.292979','PRESENT','2026-03-13 09:14:54.292979',35,11),(36,'2026-03-13 09:14:54.313987','PRESENT','2026-03-13 09:14:54.313987',36,11),(37,'2026-03-13 09:14:54.330983','PRESENT','2026-03-13 09:14:54.330983',37,11),(38,'2026-03-13 09:14:54.347981','PRESENT','2026-03-13 09:14:54.347981',38,11),(39,'2026-03-13 09:14:54.364979','PRESENT','2026-03-13 09:14:54.364979',39,11),(40,'2026-03-13 09:14:54.381986','PRESENT','2026-03-13 09:14:54.381986',40,11),(41,'2026-03-13 09:14:54.397465','PRESENT','2026-03-13 09:14:54.397465',41,11),(42,'2026-03-13 09:14:54.413621','PRESENT','2026-03-13 09:14:54.413621',42,11),(43,'2026-03-13 09:14:54.427924','PRESENT','2026-03-13 09:14:54.428925',43,11),(44,'2026-03-13 09:14:54.442929','PRESENT','2026-03-13 09:14:54.442929',44,11),(45,'2026-03-13 09:14:54.456930','PRESENT','2026-03-13 09:14:54.456930',45,11),(46,'2026-03-13 09:14:54.471418','PRESENT','2026-03-13 09:14:54.471418',46,11),(47,'2026-03-13 09:14:54.486754','PRESENT','2026-03-13 09:14:54.486754',47,11),(48,'2026-03-13 09:14:54.503753','PRESENT','2026-03-13 09:14:54.503753',48,11),(49,'2026-03-13 09:14:58.234030','PRESENT','2026-03-13 09:14:58.234030',1,12),(50,'2026-03-13 09:14:58.257539','PRESENT','2026-03-13 09:14:58.257539',2,12),(51,'2026-03-13 09:14:58.279085','PRESENT','2026-03-13 09:14:58.279085',3,12),(52,'2026-03-13 09:14:58.295818','PRESENT','2026-03-13 09:14:58.295818',4,12),(53,'2026-03-13 09:14:58.312677','PRESENT','2026-03-13 09:14:58.312677',5,12),(54,'2026-03-13 09:14:58.328551','PRESENT','2026-03-13 09:14:58.328551',6,12),(55,'2026-03-13 09:14:58.343512','PRESENT','2026-03-13 09:14:58.343512',7,12),(56,'2026-03-13 09:14:58.360525','PRESENT','2026-03-13 09:14:58.360525',8,12),(57,'2026-03-13 09:14:58.375519','PRESENT','2026-03-13 09:14:58.375519',9,12),(58,'2026-03-13 09:14:58.392776','PRESENT','2026-03-13 09:14:58.392776',10,12),(59,'2026-03-13 09:14:58.407782','PRESENT','2026-03-13 09:14:58.407782',11,12),(60,'2026-03-13 09:14:58.425884','PRESENT','2026-03-13 09:14:58.425884',12,12),(61,'2026-03-13 09:14:58.438887','PRESENT','2026-03-13 09:14:58.438887',13,12),(62,'2026-03-13 09:14:58.453883','PRESENT','2026-03-13 09:14:58.453883',14,12),(63,'2026-03-13 09:14:58.469351','PRESENT','2026-03-13 09:14:58.469351',15,12),(64,'2026-03-13 09:14:58.487123','PRESENT','2026-03-13 09:14:58.487123',16,12),(65,'2026-03-13 09:14:58.508274','PRESENT','2026-03-13 09:14:58.508274',17,12),(66,'2026-03-13 09:14:58.524202','PRESENT','2026-03-13 09:14:58.524202',18,12),(67,'2026-03-13 09:14:58.542256','PRESENT','2026-03-13 09:14:58.542256',19,12),(68,'2026-03-13 09:14:58.559925','PRESENT','2026-03-13 09:14:58.560918',20,12),(69,'2026-03-13 09:14:58.574204','PRESENT','2026-03-13 09:14:58.574204',21,12),(70,'2026-03-13 09:14:58.590728','PRESENT','2026-03-13 09:14:58.590728',22,12),(71,'2026-03-13 09:14:58.606346','PRESENT','2026-03-13 09:14:58.607352',23,12),(72,'2026-03-13 09:14:58.621816','PRESENT','2026-03-13 09:14:58.621816',24,12),(73,'2026-03-14 22:48:53.928641','PRESENT','2026-03-14 22:48:53.928641',187,2),(74,'2026-03-14 22:48:53.953898','PRESENT','2026-03-14 22:48:53.953898',188,2),(75,'2026-03-14 22:48:53.978895','PRESENT','2026-03-14 22:48:53.978895',189,2),(76,'2026-03-14 22:48:54.002894','PRESENT','2026-03-14 22:48:54.002894',190,2),(77,'2026-03-14 22:48:54.027893','PRESENT','2026-03-14 22:48:54.027893',191,2),(78,'2026-03-14 22:48:54.056061','PRESENT','2026-03-14 22:48:54.056061',192,2),(79,'2026-03-14 22:48:54.079553','PRESENT','2026-03-14 22:48:54.079553',193,2),(80,'2026-03-14 22:48:54.105488','PRESENT','2026-03-14 22:48:54.105488',194,2),(81,'2026-03-14 22:48:54.134492','PRESENT','2026-03-14 22:48:54.134492',195,2),(82,'2026-03-14 22:48:54.156487','PRESENT','2026-03-14 22:48:54.156487',196,2),(83,'2026-03-14 22:48:54.182427','PRESENT','2026-03-14 22:48:54.182427',197,2),(84,'2026-03-14 22:48:54.208838','PRESENT','2026-03-14 22:48:54.209841',198,2),(85,'2026-03-14 22:48:54.250900','PRESENT','2026-03-14 22:48:54.250900',199,2),(86,'2026-03-14 22:48:54.276020','PRESENT','2026-03-14 22:48:54.276020',200,2),(87,'2026-03-14 22:48:54.300024','PRESENT','2026-03-14 22:48:54.300024',201,2),(88,'2026-03-14 22:48:54.320010','PRESENT','2026-03-14 22:48:54.320010',202,2),(89,'2026-03-14 22:48:54.340150','PRESENT','2026-03-14 22:48:54.340150',203,2),(90,'2026-03-14 22:48:54.359818','PRESENT','2026-03-14 22:48:54.359818',204,2),(91,'2026-03-14 22:48:54.378818','PRESENT','2026-03-14 22:48:54.378818',205,2),(92,'2026-03-14 22:48:54.399283','PRESENT','2026-03-14 22:48:54.399283',206,2),(93,'2026-03-14 22:48:54.419189','PRESENT','2026-03-14 22:48:54.419189',207,2),(94,'2026-03-14 22:48:54.437189','PRESENT','2026-03-14 22:48:54.437189',208,2),(95,'2026-03-14 22:48:54.461192','PRESENT','2026-03-14 22:48:54.461192',209,2),(96,'2026-03-14 22:48:54.488404','PRESENT','2026-03-14 22:48:54.488404',210,2),(97,'2026-03-14 22:48:54.512634','PRESENT','2026-03-14 22:48:54.512634',211,2),(98,'2026-03-14 22:48:54.535679','PRESENT','2026-03-14 22:48:54.535679',212,2),(99,'2026-03-14 22:48:54.558681','PRESENT','2026-03-14 22:48:54.558681',213,2),(100,'2026-03-14 22:48:54.581681','PRESENT','2026-03-14 22:48:54.581681',214,2),(101,'2026-03-14 22:49:01.010520','PRESENT','2026-03-14 22:49:01.010520',187,1),(102,'2026-03-14 22:49:01.032417','PRESENT','2026-03-14 22:49:01.033446',188,1),(103,'2026-03-14 22:49:01.057412','PRESENT','2026-03-14 22:49:01.057412',189,1),(104,'2026-03-14 22:49:01.076805','PRESENT','2026-03-14 22:49:01.076805',190,1),(105,'2026-03-14 22:49:01.097853','PRESENT','2026-03-14 22:49:01.097853',191,1),(106,'2026-03-14 22:49:01.116678','PRESENT','2026-03-14 22:49:01.116678',192,1),(107,'2026-03-14 22:49:01.135128','PRESENT','2026-03-14 22:49:01.135128',193,1),(108,'2026-03-14 22:49:01.156005','PRESENT','2026-03-14 22:49:01.156005',194,1),(109,'2026-03-14 22:49:01.175147','PRESENT','2026-03-14 22:49:01.175147',195,1),(110,'2026-03-14 22:49:01.194153','PRESENT','2026-03-14 22:49:01.194153',196,1),(111,'2026-03-14 22:49:01.210313','PRESENT','2026-03-14 22:49:01.210313',197,1),(112,'2026-03-14 22:49:01.228810','PRESENT','2026-03-14 22:49:01.228810',198,1),(113,'2026-03-14 22:49:01.250811','PRESENT','2026-03-14 22:49:01.250811',199,1),(114,'2026-03-14 22:49:01.281353','PRESENT','2026-03-14 22:49:01.281353',200,1),(115,'2026-03-14 22:49:01.308509','PRESENT','2026-03-14 22:49:01.308509',201,1),(116,'2026-03-14 22:49:01.333659','PRESENT','2026-03-14 22:49:01.333659',202,1),(117,'2026-03-14 22:49:01.348988','PRESENT','2026-03-14 22:49:01.348988',203,1),(118,'2026-03-14 22:49:01.362148','PRESENT','2026-03-14 22:49:01.362148',204,1),(119,'2026-03-14 22:49:01.378371','PRESENT','2026-03-14 22:49:01.378371',205,1),(120,'2026-03-14 22:49:01.394370','PRESENT','2026-03-14 22:49:01.394370',206,1),(121,'2026-03-14 22:49:01.411732','PRESENT','2026-03-14 22:49:01.411732',207,1),(122,'2026-03-14 22:49:01.433246','PRESENT','2026-03-14 22:49:01.433246',208,1),(123,'2026-03-14 22:49:01.453245','PRESENT','2026-03-14 22:49:01.453245',209,1),(124,'2026-03-14 22:49:01.472077','PRESENT','2026-03-14 22:49:01.472077',210,1),(125,'2026-03-14 22:49:01.490310','PRESENT','2026-03-14 22:49:01.490310',211,1),(126,'2026-03-14 22:49:01.509989','PRESENT','2026-03-14 22:49:01.509989',212,1),(127,'2026-03-14 22:49:01.530797','PRESENT','2026-03-14 22:49:01.530797',213,1),(128,'2026-03-14 22:49:01.545917','PRESENT','2026-03-14 22:49:01.545917',214,1),(129,'2026-03-14 22:49:05.561143','PRESENT','2026-03-14 22:49:05.561143',187,12),(130,'2026-03-14 22:49:05.583321','PRESENT','2026-03-14 22:49:05.583321',188,12),(131,'2026-03-14 22:49:05.604568','PRESENT','2026-03-14 22:49:05.604568',189,12),(132,'2026-03-14 22:49:05.621867','PRESENT','2026-03-14 22:49:05.621867',190,12),(133,'2026-03-14 22:49:05.637874','PRESENT','2026-03-14 22:49:05.637874',191,12),(134,'2026-03-14 22:49:05.651872','PRESENT','2026-03-14 22:49:05.651872',192,12),(135,'2026-03-14 22:49:05.668287','PRESENT','2026-03-14 22:49:05.669286',193,12),(136,'2026-03-14 22:49:05.688843','PRESENT','2026-03-14 22:49:05.688843',194,12),(137,'2026-03-14 22:49:05.706160','PRESENT','2026-03-14 22:49:05.706160',195,12),(138,'2026-03-14 22:49:05.720629','PRESENT','2026-03-14 22:49:05.720629',196,12),(139,'2026-03-14 22:49:05.733979','PRESENT','2026-03-14 22:49:05.733979',197,12),(140,'2026-03-14 22:49:05.754357','PRESENT','2026-03-14 22:49:05.754357',198,12),(141,'2026-03-14 22:49:05.773533','PRESENT','2026-03-14 22:49:05.773533',199,12),(142,'2026-03-14 22:49:05.795047','PRESENT','2026-03-14 22:49:05.795047',200,12),(143,'2026-03-14 22:49:05.813498','PRESENT','2026-03-14 22:49:05.813498',201,12),(144,'2026-03-14 22:49:05.834724','PRESENT','2026-03-14 22:49:05.834724',202,12),(145,'2026-03-14 22:49:05.858123','PRESENT','2026-03-14 22:49:05.858123',203,12),(146,'2026-03-14 22:49:05.882318','PRESENT','2026-03-14 22:49:05.882318',204,12),(147,'2026-03-14 22:49:05.903300','PRESENT','2026-03-14 22:49:05.903300',205,12),(148,'2026-03-14 22:49:05.921899','PRESENT','2026-03-14 22:49:05.921899',206,12),(149,'2026-03-14 22:49:05.939251','PRESENT','2026-03-14 22:49:05.939251',207,12),(150,'2026-03-14 22:49:05.957251','PRESENT','2026-03-14 22:49:05.957251',208,12),(151,'2026-03-14 22:49:05.975912','PRESENT','2026-03-14 22:49:05.975912',209,12),(152,'2026-03-14 22:49:05.995458','PRESENT','2026-03-14 22:49:05.995458',210,12),(153,'2026-03-14 22:49:06.018185','PRESENT','2026-03-14 22:49:06.018185',211,12),(154,'2026-03-14 22:49:06.039195','PRESENT','2026-03-14 22:49:06.039195',212,12),(155,'2026-03-14 22:49:06.059192','PRESENT','2026-03-14 22:49:06.059192',213,12),(156,'2026-03-14 22:49:06.079373','PRESENT','2026-03-14 22:49:06.079373',214,12),(157,'2026-03-15 07:34:06.504148','PRESENT','2026-03-15 07:34:06.504148',49,11),(158,'2026-03-15 07:34:06.538719','PRESENT','2026-03-15 07:34:06.538719',50,11),(159,'2026-03-15 07:34:06.566773','PRESENT','2026-03-15 07:34:06.566773',51,11),(160,'2026-03-15 07:34:06.597414','PRESENT','2026-03-15 07:34:06.597414',52,11),(161,'2026-03-15 07:34:06.631300','PRESENT','2026-03-15 07:34:06.631300',53,11),(162,'2026-03-15 07:34:06.660298','PRESENT','2026-03-15 07:34:06.660298',54,11),(163,'2026-03-15 07:34:06.689765','PRESENT','2026-03-15 07:34:06.689765',55,11),(164,'2026-03-15 07:34:06.717753','PRESENT','2026-03-15 07:34:06.717753',56,11),(165,'2026-03-15 07:34:06.745748','PRESENT','2026-03-15 07:34:06.745748',57,11),(166,'2026-03-15 07:34:06.772746','PRESENT','2026-03-15 07:34:06.772746',58,11),(167,'2026-03-15 07:34:06.796741','PRESENT','2026-03-15 07:34:06.796741',59,11),(168,'2026-03-15 07:34:06.822735','PRESENT','2026-03-15 07:34:06.822735',60,11),(169,'2026-03-15 07:34:06.846733','PRESENT','2026-03-15 07:34:06.846733',61,11),(170,'2026-03-15 07:34:06.872727','PRESENT','2026-03-15 07:34:06.872727',62,11),(171,'2026-03-15 07:34:06.894723','PRESENT','2026-03-15 07:34:06.894723',63,11),(172,'2026-03-15 07:34:06.921443','PRESENT','2026-03-15 07:34:06.921443',64,11),(173,'2026-03-15 07:34:06.957019','PRESENT','2026-03-15 07:34:06.957019',65,11),(174,'2026-03-15 07:34:06.981015','PRESENT','2026-03-15 07:34:06.981015',66,11),(175,'2026-03-15 07:34:06.998011','PRESENT','2026-03-15 07:34:06.998011',67,11),(176,'2026-03-15 07:34:07.018009','PRESENT','2026-03-15 07:34:07.019008',68,11),(177,'2026-03-15 07:34:07.035004','PRESENT','2026-03-15 07:34:07.035004',69,11),(178,'2026-03-15 07:34:07.051004','PRESENT','2026-03-15 07:34:07.051004',70,11),(179,'2026-03-15 07:34:07.072997','PRESENT','2026-03-15 07:34:07.072997',71,11),(180,'2026-03-15 07:34:07.099674','PRESENT','2026-03-15 07:34:07.099674',72,11),(181,'2026-03-15 07:34:11.692418','PRESENT','2026-03-15 07:34:11.692418',2,11),(182,'2026-03-15 07:34:11.714622','PRESENT','2026-03-15 07:34:11.714622',1,11),(183,'2026-03-15 07:34:11.734679','PRESENT','2026-03-15 07:34:11.734679',3,11),(184,'2026-03-15 07:34:11.756018','PRESENT','2026-03-15 07:34:11.756018',4,11),(185,'2026-03-15 07:34:11.777983','PRESENT','2026-03-15 07:34:11.777983',5,11),(186,'2026-03-15 07:34:11.800508','PRESENT','2026-03-15 07:34:11.800508',6,11),(187,'2026-03-15 07:34:11.820514','PRESENT','2026-03-15 07:34:11.820514',7,11),(188,'2026-03-15 07:34:11.842712','PRESENT','2026-03-15 07:34:11.842712',8,11),(189,'2026-03-15 07:34:11.864708','PRESENT','2026-03-15 07:34:11.864708',9,11),(190,'2026-03-15 07:34:11.885876','PRESENT','2026-03-15 07:34:11.885876',10,11),(191,'2026-03-15 07:34:11.909861','PRESENT','2026-03-15 07:34:11.909861',11,11),(192,'2026-03-15 07:34:11.934711','PRESENT','2026-03-15 07:34:11.934711',12,11),(193,'2026-03-15 07:34:11.958929','PRESENT','2026-03-15 07:34:11.958929',13,11),(194,'2026-03-15 07:34:11.984815','PRESENT','2026-03-15 07:34:11.984815',14,11),(195,'2026-03-15 07:34:12.002421','PRESENT','2026-03-15 07:34:12.002421',15,11),(196,'2026-03-15 07:34:12.017976','PRESENT','2026-03-15 07:34:12.017976',16,11),(197,'2026-03-15 07:34:12.032539','PRESENT','2026-03-15 07:34:12.032539',17,11),(198,'2026-03-15 07:34:12.048657','PRESENT','2026-03-15 07:34:12.048657',18,11),(199,'2026-03-15 07:34:12.063040','PRESENT','2026-03-15 07:34:12.063040',19,11),(200,'2026-03-15 07:34:12.076899','PRESENT','2026-03-15 07:34:12.076899',20,11),(201,'2026-03-15 07:34:12.089882','PRESENT','2026-03-15 07:34:12.089882',21,11),(202,'2026-03-15 07:34:12.104894','PRESENT','2026-03-15 07:34:12.104894',22,11),(203,'2026-03-15 07:34:12.126881','PRESENT','2026-03-15 07:34:12.126881',23,11),(204,'2026-03-15 07:34:12.143875','PRESENT','2026-03-15 07:34:12.143875',24,11),(205,'2026-03-15 08:15:43.468922','PRESENT','2026-03-15 08:15:43.468922',73,6),(206,'2026-03-15 08:15:43.520920','PRESENT','2026-03-15 08:15:43.520920',74,6),(207,'2026-03-15 08:15:43.554626','PRESENT','2026-03-15 08:15:43.554626',75,6),(208,'2026-03-15 08:15:43.587725','PRESENT','2026-03-15 08:15:43.587725',76,6),(209,'2026-03-15 08:15:43.621731','PRESENT','2026-03-15 08:15:43.621731',77,6),(210,'2026-03-15 08:15:43.652433','PRESENT','2026-03-15 08:15:43.652433',78,6),(211,'2026-03-15 08:15:43.682615','PRESENT','2026-03-15 08:15:43.682615',79,6),(212,'2026-03-15 08:15:43.712616','PRESENT','2026-03-15 08:15:43.712616',80,6),(213,'2026-03-15 08:15:43.738610','PRESENT','2026-03-15 08:15:43.738610',81,6),(214,'2026-03-15 08:15:43.763610','PRESENT','2026-03-15 08:15:43.763610',82,6),(215,'2026-03-15 08:15:43.790436','PRESENT','2026-03-15 08:15:43.790436',83,6),(216,'2026-03-15 08:15:43.828535','PRESENT','2026-03-15 08:15:43.828535',84,6),(217,'2026-03-15 08:15:43.862096','PRESENT','2026-03-15 08:15:43.862096',85,6),(218,'2026-03-15 08:15:43.888561','PRESENT','2026-03-15 08:15:43.888561',86,6),(219,'2026-03-15 08:15:43.916570','PRESENT','2026-03-15 08:15:43.916570',87,6),(220,'2026-03-15 08:15:43.944565','PRESENT','2026-03-15 08:15:43.944565',88,6),(221,'2026-03-15 08:15:43.968565','PRESENT','2026-03-15 08:15:43.968565',89,6),(222,'2026-03-15 08:15:43.994560','PRESENT','2026-03-15 08:15:43.994560',90,6),(223,'2026-03-15 08:15:44.027779','PRESENT','2026-03-15 08:15:44.027779',91,6),(224,'2026-03-15 08:15:44.054250','PRESENT','2026-03-15 08:15:44.055253',92,6),(225,'2026-03-15 08:15:44.081251','PRESENT','2026-03-15 08:15:44.081251',93,6),(226,'2026-03-15 08:15:44.104662','PRESENT','2026-03-15 08:15:44.104662',94,6),(227,'2026-03-15 08:15:44.124664','PRESENT','2026-03-15 08:15:44.124664',95,6),(228,'2026-03-15 08:15:44.148415','PRESENT','2026-03-15 08:15:44.148415',96,6),(229,'2026-03-15 10:06:56.916528','PRESENT','2026-03-15 10:06:56.916528',187,11),(230,'2026-03-15 10:06:56.966531','PRESENT','2026-03-15 10:06:56.966531',188,11),(231,'2026-03-15 10:06:57.008167','PRESENT','2026-03-15 10:06:57.008167',189,11),(232,'2026-03-15 10:06:57.042133','PRESENT','2026-03-15 10:06:57.042133',190,11),(233,'2026-03-15 10:06:57.076593','PRESENT','2026-03-15 10:06:57.076593',191,11),(234,'2026-03-15 10:06:57.111600','PRESENT','2026-03-15 10:06:57.111600',192,11),(235,'2026-03-15 10:06:57.140662','PRESENT','2026-03-15 10:06:57.140662',193,11),(236,'2026-03-15 10:06:57.170664','PRESENT','2026-03-15 10:06:57.170664',194,11),(237,'2026-03-15 10:06:57.204661','PRESENT','2026-03-15 10:06:57.204661',195,11),(238,'2026-03-15 10:06:57.237118','PRESENT','2026-03-15 10:06:57.237118',196,11),(239,'2026-03-15 10:06:57.266478','PRESENT','2026-03-15 10:06:57.266478',197,11),(240,'2026-03-15 10:06:57.300959','PRESENT','2026-03-15 10:06:57.300959',198,11),(241,'2026-03-15 10:06:57.334599','PRESENT','2026-03-15 10:06:57.334599',199,11),(242,'2026-03-15 10:06:57.369941','PRESENT','2026-03-15 10:06:57.369941',200,11),(243,'2026-03-15 10:06:57.407409','PRESENT','2026-03-15 10:06:57.407409',201,11),(244,'2026-03-15 10:06:57.443178','PRESENT','2026-03-15 10:06:57.443178',202,11),(245,'2026-03-15 10:06:57.479450','PRESENT','2026-03-15 10:06:57.479450',203,11),(246,'2026-03-15 10:06:57.509830','PRESENT','2026-03-15 10:06:57.509830',204,11),(247,'2026-03-15 10:06:57.540829','PRESENT','2026-03-15 10:06:57.540829',205,11),(248,'2026-03-15 10:06:57.570112','PRESENT','2026-03-15 10:06:57.570112',206,11),(249,'2026-03-15 10:06:57.594511','PRESENT','2026-03-15 10:06:57.594511',207,11),(250,'2026-03-15 10:06:57.625933','PRESENT','2026-03-15 10:06:57.625933',208,11),(251,'2026-03-15 10:06:57.656508','PRESENT','2026-03-15 10:06:57.656508',209,11),(252,'2026-03-15 10:06:57.689332','PRESENT','2026-03-15 10:06:57.689332',210,11),(253,'2026-03-15 10:06:57.717122','PRESENT','2026-03-15 10:06:57.717122',211,11),(254,'2026-03-15 10:06:57.741191','PRESENT','2026-03-15 10:06:57.741191',212,11),(255,'2026-03-15 10:06:57.762175','PRESENT','2026-03-15 10:06:57.762175',213,11),(256,'2026-03-15 10:06:57.799368','PRESENT','2026-03-15 10:06:57.799368',214,11),(257,'2026-03-15 10:21:01.821344','PRESENT','2026-03-15 10:21:01.821344',277,3),(258,'2026-03-15 10:21:01.861853','PRESENT','2026-03-15 10:21:01.861853',278,3),(259,'2026-03-15 10:21:01.899853','PRESENT','2026-03-15 10:21:01.899853',279,3),(260,'2026-03-15 10:21:01.929908','PRESENT','2026-03-15 10:21:01.929908',280,3),(261,'2026-03-15 10:21:01.958911','PRESENT','2026-03-15 10:21:01.959907',281,3),(262,'2026-03-15 10:21:01.988907','PRESENT','2026-03-15 10:21:01.988907',282,3),(263,'2026-03-15 10:21:02.017910','PRESENT','2026-03-15 10:21:02.018908',283,3),(264,'2026-03-15 10:21:02.043916','PRESENT','2026-03-15 10:21:02.043916',284,3),(265,'2026-03-15 10:21:02.067909','PRESENT','2026-03-15 10:21:02.067909',285,3),(266,'2026-03-15 10:21:02.094909','PRESENT','2026-03-15 10:21:02.094909',286,3),(267,'2026-03-15 10:21:02.117942','PRESENT','2026-03-15 10:21:02.117942',287,3),(268,'2026-03-15 10:21:02.169272','PRESENT','2026-03-15 10:21:02.169272',288,3),(269,'2026-03-15 10:21:02.213272','PRESENT','2026-03-15 10:21:02.213272',289,3),(270,'2026-03-15 10:21:02.249269','PRESENT','2026-03-15 10:21:02.249269',290,3),(271,'2026-03-15 10:21:02.286388','PRESENT','2026-03-15 10:21:02.286388',291,3),(272,'2026-03-15 10:21:02.316388','PRESENT','2026-03-15 10:21:02.316388',292,3),(273,'2026-03-15 10:21:02.350387','PRESENT','2026-03-15 10:21:02.350387',293,3),(274,'2026-03-15 10:21:02.385483','PRESENT','2026-03-15 10:21:02.385483',294,3),(275,'2026-03-15 10:21:02.415662','PRESENT','2026-03-15 10:21:02.415662',295,3),(276,'2026-03-15 10:21:02.444114','PRESENT','2026-03-15 10:21:02.444114',296,3),(277,'2026-03-15 10:21:02.477780','PRESENT','2026-03-15 10:21:02.477780',297,3),(278,'2026-03-15 10:21:02.510475','PRESENT','2026-03-15 10:21:02.510475',298,3),(279,'2026-03-15 10:21:09.316726','PRESENT','2026-03-15 10:21:09.316726',2,9),(280,'2026-03-15 10:21:09.363263','PRESENT','2026-03-15 10:21:09.363263',1,9),(281,'2026-03-15 10:21:09.407466','PRESENT','2026-03-15 10:21:09.407466',3,9),(282,'2026-03-15 10:21:09.456075','PRESENT','2026-03-15 10:21:09.456075',4,9),(283,'2026-03-15 10:21:09.487552','PRESENT','2026-03-15 10:21:09.487552',5,9),(284,'2026-03-15 10:21:09.517877','PRESENT','2026-03-15 10:21:09.517877',6,9),(285,'2026-03-15 10:21:09.546291','PRESENT','2026-03-15 10:21:09.546291',7,9),(286,'2026-03-15 10:21:09.572674','PRESENT','2026-03-15 10:21:09.572674',8,9),(287,'2026-03-15 10:21:09.597900','PRESENT','2026-03-15 10:21:09.597900',9,9),(288,'2026-03-15 10:21:09.620492','PRESENT','2026-03-15 10:21:09.620492',10,9),(289,'2026-03-15 10:21:09.646191','PRESENT','2026-03-15 10:21:09.646191',11,9),(290,'2026-03-15 10:21:09.672199','PRESENT','2026-03-15 10:21:09.672199',12,9),(291,'2026-03-15 10:21:09.704084','PRESENT','2026-03-15 10:21:09.704084',13,9),(292,'2026-03-15 10:21:09.734371','PRESENT','2026-03-15 10:21:09.734371',14,9),(293,'2026-03-15 10:21:09.760535','PRESENT','2026-03-15 10:21:09.760535',15,9),(294,'2026-03-15 10:21:09.790747','PRESENT','2026-03-15 10:21:09.790747',16,9),(295,'2026-03-15 10:21:09.817008','PRESENT','2026-03-15 10:21:09.817008',17,9),(296,'2026-03-15 10:21:09.840365','PRESENT','2026-03-15 10:21:09.840365',18,9),(297,'2026-03-15 10:21:09.867684','PRESENT','2026-03-15 10:21:09.867684',19,9),(298,'2026-03-15 10:21:09.898949','PRESENT','2026-03-15 10:21:09.898949',20,9),(299,'2026-03-15 10:21:09.929067','PRESENT','2026-03-15 10:21:09.930066',21,9),(300,'2026-03-15 10:21:09.970675','PRESENT','2026-03-15 10:21:09.970675',22,9),(301,'2026-03-15 10:21:09.997676','PRESENT','2026-03-15 10:21:09.997676',23,9),(302,'2026-03-15 10:21:10.023677','PRESENT','2026-03-15 10:21:10.023677',24,9),(303,'2026-03-15 10:21:14.454558','PRESENT','2026-03-15 10:21:14.454558',2,7),(304,'2026-03-15 10:21:14.494125','PRESENT','2026-03-15 10:21:14.494125',1,7),(305,'2026-03-15 10:21:14.524126','PRESENT','2026-03-15 10:21:14.524126',3,7),(306,'2026-03-15 10:21:14.548154','PRESENT','2026-03-15 10:21:14.548154',4,7),(307,'2026-03-15 10:21:14.571538','PRESENT','2026-03-15 10:21:14.571538',5,7),(308,'2026-03-15 10:21:14.600539','PRESENT','2026-03-15 10:21:14.600539',6,7),(309,'2026-03-15 10:21:14.627539','PRESENT','2026-03-15 10:21:14.627539',7,7),(310,'2026-03-15 10:21:14.659538','PRESENT','2026-03-15 10:21:14.659538',8,7),(311,'2026-03-15 10:21:14.691389','PRESENT','2026-03-15 10:21:14.691389',9,7),(312,'2026-03-15 10:21:14.720081','PRESENT','2026-03-15 10:21:14.720081',10,7),(313,'2026-03-15 10:21:14.750340','PRESENT','2026-03-15 10:21:14.750340',11,7),(314,'2026-03-15 10:21:14.776883','PRESENT','2026-03-15 10:21:14.776883',12,7),(315,'2026-03-15 10:21:14.804109','PRESENT','2026-03-15 10:21:14.804109',13,7),(316,'2026-03-15 10:21:14.827098','PRESENT','2026-03-15 10:21:14.827098',14,7),(317,'2026-03-15 10:21:14.853120','PRESENT','2026-03-15 10:21:14.853120',15,7),(318,'2026-03-15 10:21:14.884578','PRESENT','2026-03-15 10:21:14.884578',16,7),(319,'2026-03-15 10:21:14.908593','PRESENT','2026-03-15 10:21:14.908593',17,7),(320,'2026-03-15 10:21:14.940582','PRESENT','2026-03-15 10:21:14.940582',18,7),(321,'2026-03-15 10:21:14.976635','PRESENT','2026-03-15 10:21:14.976635',19,7),(322,'2026-03-15 10:21:15.017680','PRESENT','2026-03-15 10:21:15.017680',20,7),(323,'2026-03-15 10:21:15.068774','PRESENT','2026-03-15 10:21:15.068774',21,7),(324,'2026-03-15 10:21:15.118421','PRESENT','2026-03-15 10:21:15.118421',22,7),(325,'2026-03-15 10:21:15.153430','PRESENT','2026-03-15 10:21:15.153430',23,7),(326,'2026-03-15 10:21:15.185438','PRESENT','2026-03-15 10:21:15.185438',24,7),(327,'2026-03-15 10:21:25.460761','PRESENT','2026-03-15 10:21:25.460761',2,6),(328,'2026-03-15 10:21:25.497248','PRESENT','2026-03-15 10:21:25.497248',1,6),(329,'2026-03-15 10:21:25.543081','PRESENT','2026-03-15 10:21:25.543081',3,6),(330,'2026-03-15 10:21:25.589908','PRESENT','2026-03-15 10:21:25.589908',4,6),(331,'2026-03-15 10:21:25.633981','PRESENT','2026-03-15 10:21:25.633981',5,6),(332,'2026-03-15 10:21:25.674977','PRESENT','2026-03-15 10:21:25.674977',6,6),(333,'2026-03-15 10:21:25.721547','PRESENT','2026-03-15 10:21:25.721547',7,6),(334,'2026-03-15 10:21:25.767606','PRESENT','2026-03-15 10:21:25.767606',8,6),(335,'2026-03-15 10:21:25.811614','PRESENT','2026-03-15 10:21:25.811614',9,6),(336,'2026-03-15 10:21:25.857080','PRESENT','2026-03-15 10:21:25.857080',10,6),(337,'2026-03-15 10:21:25.885072','PRESENT','2026-03-15 10:21:25.885072',11,6),(338,'2026-03-15 10:21:25.932068','PRESENT','2026-03-15 10:21:25.932068',12,6),(339,'2026-03-15 10:21:25.979211','PRESENT','2026-03-15 10:21:25.979211',13,6),(340,'2026-03-15 10:21:26.018731','PRESENT','2026-03-15 10:21:26.018731',14,6),(341,'2026-03-15 10:21:26.052793','PRESENT','2026-03-15 10:21:26.052793',15,6),(342,'2026-03-15 10:21:26.092087','PRESENT','2026-03-15 10:21:26.092087',16,6),(343,'2026-03-15 10:21:26.134580','PRESENT','2026-03-15 10:21:26.134580',17,6),(344,'2026-03-15 10:21:26.180579','PRESENT','2026-03-15 10:21:26.180579',18,6),(345,'2026-03-15 10:21:26.215505','PRESENT','2026-03-15 10:21:26.215505',19,6),(346,'2026-03-15 10:21:26.259289','PRESENT','2026-03-15 10:21:26.259289',20,6),(347,'2026-03-15 10:21:26.303397','PRESENT','2026-03-15 10:21:26.303397',21,6),(348,'2026-03-15 10:21:26.349005','PRESENT','2026-03-15 10:21:26.349005',22,6),(349,'2026-03-15 10:21:26.389283','PRESENT','2026-03-15 10:21:26.389283',23,6),(350,'2026-03-15 10:21:26.424624','PRESENT','2026-03-15 10:21:26.424624',24,6);
/*!40000 ALTER TABLE `attendance` ENABLE KEYS */;
UNLOCK TABLES;

--
-- Table structure for table `class`
--

DROP TABLE IF EXISTS `class`;
/*!40101 SET @saved_cs_client     = @@character_set_client */;
/*!50503 SET character_set_client = utf8mb4 */;
CREATE TABLE `class` (
  `class_id` bigint NOT NULL AUTO_INCREMENT,
  `class_name` varchar(255) NOT NULL,
  `days_of_week` varchar(255) DEFAULT NULL,
  `end_date` date NOT NULL,
  `max_student` int NOT NULL,
  `start_date` date NOT NULL,
  `status` enum('ACTIVE','INACTIVE') DEFAULT NULL,
  `course_id` bigint NOT NULL,
  `room_id` bigint NOT NULL,
  `teacher_id` bigint NOT NULL,
  PRIMARY KEY (`class_id`),
  UNIQUE KEY `UKqg069ic794ac86iuvkbeokrds` (`class_name`),
  KEY `FKlsxcyh4sq20727qj0clvah8dg` (`course_id`),
  KEY `FK5raqcdg4omqjrm0rllkc4d6km` (`room_id`),
  KEY `FK28f8ba9n0feejnamfay479ae1` (`teacher_id`),
  CONSTRAINT `FK28f8ba9n0feejnamfay479ae1` FOREIGN KEY (`teacher_id`) REFERENCES `teacher` (`teacher_id`),
  CONSTRAINT `FK5raqcdg4omqjrm0rllkc4d6km` FOREIGN KEY (`room_id`) REFERENCES `room` (`room_id`),
  CONSTRAINT `FKlsxcyh4sq20727qj0clvah8dg` FOREIGN KEY (`course_id`) REFERENCES `course` (`course_id`)
) ENGINE=InnoDB AUTO_INCREMENT=13 DEFAULT CHARSET=utf8mb4 COLLATE=utf8mb4_0900_ai_ci;
/*!40101 SET character_set_client = @saved_cs_client */;

--
-- Dumping data for table `class`
--

LOCK TABLES `class` WRITE;
/*!40000 ALTER TABLE `class` DISABLE KEYS */;
INSERT INTO `class` VALUES (1,'Communication Advanced-01','FRIDAY','2026-08-21',12,'2026-03-13','ACTIVE',9,1,1),(2,'Communication Advanced-02','SATURDAY','2026-08-22',2,'2026-03-14','ACTIVE',9,2,2),(3,'Communication Advanced-03','SATURDAY','2026-08-22',22,'2026-03-14','ACTIVE',9,1,2),(4,'Communication Advanced-04','SATURDAY','2026-08-22',22,'2026-03-14','ACTIVE',9,1,2),(5,'Communication Advanced-05','FRIDAY','2026-08-21',22,'2026-03-13','INACTIVE',9,2,1),(6,'English for Business-01','SUNDAY','2026-07-26',22,'2026-03-15','ACTIVE',10,5,1),(7,'IELTS Advanced-01','SATURDAY','2026-09-19',22,'2026-03-14','ACTIVE',3,1,1),(8,'Communication Advanced-06','MONDAY, THURSDAY','2026-06-04',20,'2026-03-16','ACTIVE',9,5,5),(9,'TOEIC Beginner-01','MONDAY, SATURDAY','2026-05-16',20,'2026-03-16','ACTIVE',4,7,6),(10,'English for Business-02','MONDAY','2026-07-27',30,'2026-03-16','ACTIVE',10,7,7),(11,'TOEIC Intermediate-01','MONDAY','2026-08-10',50,'2026-03-16','ACTIVE',5,8,8),(12,'TOEIC Intermediate-02','WEDNESDAY','2026-08-12',60,'2026-03-18','ACTIVE',5,10,2);
/*!40000 ALTER TABLE `class` ENABLE KEYS */;
UNLOCK TABLES;

--
-- Table structure for table `course`
--

DROP TABLE IF EXISTS `course`;
/*!40101 SET @saved_cs_client     = @@character_set_client */;
/*!50503 SET character_set_client = utf8mb4 */;
CREATE TABLE `course` (
  `course_id` bigint NOT NULL AUTO_INCREMENT,
  `course_name` varchar(255) NOT NULL,
  `created_at` datetime(6) DEFAULT NULL,
  `description` varchar(255) DEFAULT NULL,
  `duration` int NOT NULL,
  `fee` decimal(18,2) NOT NULL,
  `level` enum('ADVANCED','BEGINNER','INTERMEDIATE') DEFAULT NULL,
  `status` enum('ACTIVE','DRAFT','INACTIVE') DEFAULT NULL,
  `updated_at` datetime(6) DEFAULT NULL,
  PRIMARY KEY (`course_id`)
) ENGINE=InnoDB AUTO_INCREMENT=11 DEFAULT CHARSET=utf8mb4 COLLATE=utf8mb4_0900_ai_ci;
/*!40101 SET character_set_client = @saved_cs_client */;

--
-- Dumping data for table `course`
--

LOCK TABLES `course` WRITE;
/*!40000 ALTER TABLE `course` DISABLE KEYS */;
INSERT INTO `course` VALUES (1,'IELTS Beginner',NULL,'Khóa IELTS cơ bản cho người mới bắt đầu',20,5000000.00,'BEGINNER','ACTIVE',NULL),(2,'IELTS Intermediate',NULL,'Khóa IELTS trung cấp nâng cao kỹ năng',24,6000000.00,'INTERMEDIATE','ACTIVE',NULL),(3,'IELTS Advanced',NULL,'Khóa IELTS nâng cao chuẩn bị cho kì thi',28,7000000.00,'ADVANCED','ACTIVE',NULL),(4,'TOEIC Beginner',NULL,'Khóa TOEIC cơ bản cho người mới',18,4500000.00,'BEGINNER','ACTIVE',NULL),(5,'TOEIC Intermediate',NULL,'Khóa TOEIC trung cấp phát triển vốn từ',22,5500000.00,'INTERMEDIATE','ACTIVE',NULL),(6,'TOEIC Advanced',NULL,'Khóa TOEIC nâng cao luyện đề thi',26,6500000.00,'ADVANCED','INACTIVE','2026-03-14 20:57:08.623209'),(7,'Communication Beginner',NULL,'Khóa giao tiếp cơ bản phát triển kỹ năng nói',16,3500000.00,'BEGINNER','ACTIVE',NULL),(8,'Communication Intermediate',NULL,'Khóa giao tiếp trung cấp thực hành thực tế',20,4500000.00,'INTERMEDIATE','DRAFT',NULL),(9,'Communication Advanced',NULL,'Khóa giao tiếp nâng cao cho chuyên nghiệp',24,5500000.00,'ADVANCED','ACTIVE',NULL),(10,'English for Business',NULL,'Khóa tiếng Anh dành cho kinh doanh',20,6500000.00,'INTERMEDIATE','ACTIVE',NULL);
/*!40000 ALTER TABLE `course` ENABLE KEYS */;
UNLOCK TABLES;

--
-- Table structure for table `enrollment`
--

DROP TABLE IF EXISTS `enrollment`;
/*!40101 SET @saved_cs_client     = @@character_set_client */;
/*!50503 SET character_set_client = utf8mb4 */;
CREATE TABLE `enrollment` (
  `enrollment_id` bigint NOT NULL AUTO_INCREMENT,
  `enrolled_at` datetime(6) DEFAULT NULL,
  `status` enum('ACCEPT','PENDING') DEFAULT NULL,
  `class_id` bigint NOT NULL,
  `student_id` bigint NOT NULL,
  PRIMARY KEY (`enrollment_id`),
  UNIQUE KEY `unq_attendance` (`student_id`,`class_id`),
  KEY `FK5v613v80qptj9japxdb9g9eti` (`class_id`),
  CONSTRAINT `FK5v613v80qptj9japxdb9g9eti` FOREIGN KEY (`class_id`) REFERENCES `class` (`class_id`),
  CONSTRAINT `FKio7fsy3vhvfgv7c0gjk15nyk4` FOREIGN KEY (`student_id`) REFERENCES `student` (`student_id`)
) ENGINE=InnoDB AUTO_INCREMENT=28 DEFAULT CHARSET=utf8mb4 COLLATE=utf8mb4_0900_ai_ci;
/*!40101 SET character_set_client = @saved_cs_client */;

--
-- Dumping data for table `enrollment`
--

LOCK TABLES `enrollment` WRITE;
/*!40000 ALTER TABLE `enrollment` DISABLE KEYS */;
INSERT INTO `enrollment` VALUES (1,'2026-03-12 15:00:38.115351','PENDING',1,1),(3,'2026-03-12 15:00:53.235884','ACCEPT',1,2),(5,'2026-03-13 09:06:20.120718','PENDING',1,3),(6,'2026-03-13 09:13:26.833707','ACCEPT',1,12),(7,'2026-03-13 09:14:05.317798','ACCEPT',2,11),(8,'2026-03-13 09:14:10.620390','PENDING',2,1),(9,'2026-03-14 22:48:34.713316','ACCEPT',7,12),(10,'2026-03-14 22:48:39.626858','ACCEPT',7,1),(11,'2026-03-14 22:48:43.263139','ACCEPT',7,2),(12,'2026-03-15 07:32:30.415410','ACCEPT',1,11),(14,'2026-03-15 07:33:32.053316','ACCEPT',3,11),(17,'2026-03-15 08:12:14.272474','ACCEPT',4,6),(20,'2026-03-15 09:31:30.168761','PENDING',9,6),(21,'2026-03-15 10:06:48.847033','ACCEPT',7,11),(22,'2026-03-15 10:15:39.501097','PENDING',11,1),(23,'2026-03-15 10:15:43.154910','PENDING',11,2),(24,'2026-03-15 10:15:48.810245','ACCEPT',11,3),(25,'2026-03-15 10:20:09.598675','ACCEPT',1,6),(26,'2026-03-15 10:20:15.049336','ACCEPT',1,7),(27,'2026-03-15 10:20:24.932977','ACCEPT',1,9);
/*!40000 ALTER TABLE `enrollment` ENABLE KEYS */;
UNLOCK TABLES;

--
-- Table structure for table `invoice`
--

DROP TABLE IF EXISTS `invoice`;
/*!40101 SET @saved_cs_client     = @@character_set_client */;
/*!50503 SET character_set_client = utf8mb4 */;
CREATE TABLE `invoice` (
  `invoice_id` bigint NOT NULL AUTO_INCREMENT,
  `issued_at` datetime(6) DEFAULT NULL,
  `status` enum('CANCELED','PAID','PENDING') DEFAULT NULL,
  `total_amount` decimal(38,2) DEFAULT NULL,
  `class_id` bigint DEFAULT NULL,
  `student_id` bigint NOT NULL,
  PRIMARY KEY (`invoice_id`),
  KEY `FKjdorhufv9vg85v067q49u68ee` (`class_id`),
  KEY `FKmn1eijj3n5fj958dv678dkrfe` (`student_id`),
  CONSTRAINT `FKjdorhufv9vg85v067q49u68ee` FOREIGN KEY (`class_id`) REFERENCES `class` (`class_id`),
  CONSTRAINT `FKmn1eijj3n5fj958dv678dkrfe` FOREIGN KEY (`student_id`) REFERENCES `student` (`student_id`)
) ENGINE=InnoDB AUTO_INCREMENT=24 DEFAULT CHARSET=utf8mb4 COLLATE=utf8mb4_0900_ai_ci;
/*!40101 SET character_set_client = @saved_cs_client */;

--
-- Dumping data for table `invoice`
--

LOCK TABLES `invoice` WRITE;
/*!40000 ALTER TABLE `invoice` DISABLE KEYS */;
INSERT INTO `invoice` VALUES (1,'2026-03-12 15:00:38.125123','PENDING',5500000.00,1,1),(2,'2026-03-12 15:00:53.243712','PAID',5500000.00,1,2),(3,'2026-03-13 09:06:20.174595','PENDING',5500000.00,1,3),(4,'2026-03-13 09:13:26.843568','PAID',5500000.00,1,12),(5,'2026-03-13 09:14:05.327783','PAID',5500000.00,2,11),(6,'2026-03-13 09:14:10.629555','PENDING',5500000.00,2,1),(7,'2026-03-14 22:48:34.776393','PAID',7000000.00,7,12),(8,'2026-03-14 22:48:39.634350','PAID',7000000.00,7,1),(9,'2026-03-14 22:48:43.271137','PAID',7000000.00,7,2),(10,'2026-03-15 07:32:30.461739','PAID',5500000.00,1,11),(11,'2026-03-15 07:33:32.063268','PAID',5500000.00,3,11),(12,'2026-03-15 07:38:02.688602','PENDING',5500000.00,4,11),(13,'2026-03-15 08:12:14.338741','PAID',5500000.00,4,6),(14,'2026-03-15 08:15:11.290586','PENDING',7000000.00,7,6),(15,'2026-03-15 08:16:55.177693','PENDING',5500000.00,1,6),(16,'2026-03-15 09:31:30.177760','PENDING',4500000.00,9,6),(17,'2026-03-15 10:06:48.922825','PAID',7000000.00,7,11),(18,'2026-03-15 10:15:39.509716','PENDING',5500000.00,11,1),(19,'2026-03-15 10:15:43.163905','PENDING',5500000.00,11,2),(20,'2026-03-15 10:15:48.819298','PAID',5500000.00,11,3),(21,'2026-03-15 10:20:09.665065','PAID',5500000.00,1,6),(22,'2026-03-15 10:20:15.058466','PAID',5500000.00,1,7),(23,'2026-03-15 10:20:24.942974','PAID',5500000.00,1,9);
/*!40000 ALTER TABLE `invoice` ENABLE KEYS */;
UNLOCK TABLES;

--
-- Table structure for table `payment`
--

DROP TABLE IF EXISTS `payment`;
/*!40101 SET @saved_cs_client     = @@character_set_client */;
/*!50503 SET character_set_client = utf8mb4 */;
CREATE TABLE `payment` (
  `payment_id` bigint NOT NULL AUTO_INCREMENT,
  `amount` decimal(38,2) DEFAULT NULL,
  `payment_date` datetime(6) DEFAULT NULL,
  `payment_method` enum('BANK','CASH','MOMO') DEFAULT NULL,
  `status` enum('COMPLETED','FAILED','PENDING','REFUNDED') DEFAULT NULL,
  `invoice_id` bigint NOT NULL,
  PRIMARY KEY (`payment_id`),
  UNIQUE KEY `UK4l6ndm1m1iw9knbdtxd6m6fyc` (`invoice_id`),
  CONSTRAINT `FKsb24p8f52refbb80qwp4gem9n` FOREIGN KEY (`invoice_id`) REFERENCES `invoice` (`invoice_id`)
) ENGINE=InnoDB AUTO_INCREMENT=24 DEFAULT CHARSET=utf8mb4 COLLATE=utf8mb4_0900_ai_ci;
/*!40101 SET character_set_client = @saved_cs_client */;

--
-- Dumping data for table `payment`
--

LOCK TABLES `payment` WRITE;
/*!40000 ALTER TABLE `payment` DISABLE KEYS */;
INSERT INTO `payment` VALUES (1,5500000.00,'2026-03-12 15:00:38.132123',NULL,'PENDING',1),(2,5500000.00,'2026-03-12 15:00:53.251996',NULL,'PENDING',2),(3,5500000.00,'2026-03-13 09:06:20.189783',NULL,'PENDING',3),(4,5500000.00,'2026-03-13 09:13:26.851743',NULL,'PENDING',4),(5,5500000.00,'2026-03-13 09:14:05.335558',NULL,'PENDING',5),(6,5500000.00,'2026-03-13 09:14:10.637328',NULL,'PENDING',6),(7,7000000.00,'2026-03-14 22:48:34.786390',NULL,'PENDING',7),(8,7000000.00,'2026-03-14 22:48:39.643015',NULL,'PENDING',8),(9,7000000.00,'2026-03-14 22:48:43.279139',NULL,'PENDING',9),(10,5500000.00,'2026-03-15 07:32:30.472539',NULL,'PENDING',10),(11,5500000.00,'2026-03-15 07:33:32.070312',NULL,'PENDING',11),(12,5500000.00,'2026-03-15 07:38:02.694658',NULL,'PENDING',12),(13,5500000.00,'2026-03-15 08:12:14.346738',NULL,'PENDING',13),(14,7000000.00,'2026-03-15 08:15:11.297586',NULL,'PENDING',14),(15,5500000.00,'2026-03-15 08:16:55.186967',NULL,'PENDING',15),(16,4500000.00,'2026-03-15 09:31:30.190762',NULL,'PENDING',16),(17,7000000.00,'2026-03-15 10:06:48.934656',NULL,'PENDING',17),(18,5500000.00,'2026-03-15 10:15:39.516204',NULL,'PENDING',18),(19,5500000.00,'2026-03-15 10:15:43.170909',NULL,'PENDING',19),(20,5500000.00,'2026-03-15 10:15:48.827434',NULL,'PENDING',20),(21,5500000.00,'2026-03-15 10:20:09.677071',NULL,'PENDING',21),(22,5500000.00,'2026-03-15 10:20:15.066404',NULL,'PENDING',22),(23,5500000.00,'2026-03-15 10:20:24.952775',NULL,'PENDING',23);
/*!40000 ALTER TABLE `payment` ENABLE KEYS */;
UNLOCK TABLES;

--
-- Table structure for table `result`
--

DROP TABLE IF EXISTS `result`;
/*!40101 SET @saved_cs_client     = @@character_set_client */;
/*!50503 SET character_set_client = utf8mb4 */;
CREATE TABLE `result` (
  `result_id` bigint NOT NULL AUTO_INCREMENT,
  `comment` varchar(255) DEFAULT NULL,
  `score` double DEFAULT NULL,
  `class_id` bigint NOT NULL,
  `student_id` bigint NOT NULL,
  PRIMARY KEY (`result_id`),
  KEY `FKcqffbljxner82pemwd607lqqr` (`class_id`),
  KEY `FK952u5w97magsligxcxohuwf5f` (`student_id`),
  CONSTRAINT `FK952u5w97magsligxcxohuwf5f` FOREIGN KEY (`student_id`) REFERENCES `student` (`student_id`),
  CONSTRAINT `FKcqffbljxner82pemwd607lqqr` FOREIGN KEY (`class_id`) REFERENCES `class` (`class_id`)
) ENGINE=InnoDB AUTO_INCREMENT=15 DEFAULT CHARSET=utf8mb4 COLLATE=utf8mb4_0900_ai_ci;
/*!40101 SET character_set_client = @saved_cs_client */;

--
-- Dumping data for table `result`
--

LOCK TABLES `result` WRITE;
/*!40000 ALTER TABLE `result` DISABLE KEYS */;
INSERT INTO `result` VALUES (1,'Được',9,1,2),(2,'Có tiến bộ',9.5,2,11),(3,'Tốt',9.5,1,12),(4,'',7,7,2),(5,'',8,7,1),(6,'',9,7,12),(7,NULL,NULL,3,11),(8,'Xuất sắc',10,1,11),(9,NULL,NULL,4,6),(10,'',9.5,7,11),(11,NULL,NULL,11,3),(12,NULL,NULL,1,9),(13,NULL,NULL,1,7),(14,NULL,NULL,1,6);
/*!40000 ALTER TABLE `result` ENABLE KEYS */;
UNLOCK TABLES;

--
-- Table structure for table `room`
--

DROP TABLE IF EXISTS `room`;
/*!40101 SET @saved_cs_client     = @@character_set_client */;
/*!50503 SET character_set_client = utf8mb4 */;
CREATE TABLE `room` (
  `room_id` bigint NOT NULL AUTO_INCREMENT,
  `capacity` int NOT NULL,
  `created_at` datetime(6) DEFAULT NULL,
  `location` varchar(255) DEFAULT NULL,
  `room_name` varchar(255) NOT NULL,
  `status` enum('ACTIVE','INACTIVE') DEFAULT NULL,
  `updated_at` datetime(6) DEFAULT NULL,
  PRIMARY KEY (`room_id`),
  UNIQUE KEY `UK2tklvare2e5touoeqsdgdsdgm` (`room_name`)
) ENGINE=InnoDB AUTO_INCREMENT=12 DEFAULT CHARSET=utf8mb4 COLLATE=utf8mb4_0900_ai_ci;
/*!40101 SET character_set_client = @saved_cs_client */;

--
-- Dumping data for table `room`
--

LOCK TABLES `room` WRITE;
/*!40000 ALTER TABLE `room` DISABLE KEYS */;
INSERT INTO `room` VALUES (1,30,NULL,'Tầng 1, Khu A','A101','ACTIVE','2026-03-14 21:20:20.055598'),(2,25,NULL,'Tầng 1, Khu A','A102','ACTIVE','2026-03-14 21:20:25.510638'),(3,35,NULL,'Tầng 1, Khu A','A103','ACTIVE','2026-03-14 21:20:36.061751'),(4,28,NULL,'Tầng 2, Khu B','B201','ACTIVE','2026-03-14 21:20:41.298394'),(5,32,NULL,'Tầng 2, Khu B','B202','ACTIVE','2026-03-14 21:20:49.438056'),(6,26,NULL,'Tầng 2, Khu B','B203','INACTIVE','2026-03-14 21:20:55.389330'),(7,30,NULL,'Tầng 3, Khu C','C301','ACTIVE','2026-03-14 21:21:02.639512'),(8,24,NULL,'Tầng 3, Khu C','C302','ACTIVE','2026-03-14 21:21:08.685466'),(9,20,NULL,'Tầng 4, Phòng Lab','Phòng Lab','ACTIVE',NULL),(10,40,NULL,'Tầng 1, Khu D','Phòng Workshop','ACTIVE',NULL),(11,25,'2026-03-14 21:22:02.595363','Tầng 1, Khu D','D101','ACTIVE','2026-03-14 21:22:02.595363');
/*!40000 ALTER TABLE `room` ENABLE KEYS */;
UNLOCK TABLES;

--
-- Table structure for table `schedule`
--

DROP TABLE IF EXISTS `schedule`;
/*!40101 SET @saved_cs_client     = @@character_set_client */;
/*!50503 SET character_set_client = utf8mb4 */;
CREATE TABLE `schedule` (
  `schedule_id` bigint NOT NULL AUTO_INCREMENT,
  `schedule_date` date NOT NULL,
  `end_time` time(6) DEFAULT NULL,
  `start_time` time(6) DEFAULT NULL,
  `class_id` bigint NOT NULL,
  `room_id` bigint NOT NULL,
  PRIMARY KEY (`schedule_id`),
  UNIQUE KEY `unq_schedule` (`class_id`,`room_id`,`schedule_date`,`start_time`,`end_time`),
  KEY `FKh2hdhbss2x31ns719hka6enma` (`room_id`),
  CONSTRAINT `FKh2hdhbss2x31ns719hka6enma` FOREIGN KEY (`room_id`) REFERENCES `room` (`room_id`),
  CONSTRAINT `FKqqv2rqy5xxw2oyhie35seyclw` FOREIGN KEY (`class_id`) REFERENCES `class` (`class_id`)
) ENGINE=InnoDB AUTO_INCREMENT=321 DEFAULT CHARSET=utf8mb4 COLLATE=utf8mb4_0900_ai_ci;
/*!40101 SET character_set_client = @saved_cs_client */;

--
-- Dumping data for table `schedule`
--

LOCK TABLES `schedule` WRITE;
/*!40000 ALTER TABLE `schedule` DISABLE KEYS */;
INSERT INTO `schedule` VALUES (3,'2026-03-27','09:00:00.000000','07:30:00.000000',1,1),(4,'2026-04-03','09:00:00.000000','07:30:00.000000',1,1),(5,'2026-04-10','09:00:00.000000','07:30:00.000000',1,1),(6,'2026-04-17','09:00:00.000000','07:30:00.000000',1,1),(7,'2026-04-24','09:00:00.000000','07:30:00.000000',1,1),(8,'2026-05-01','09:00:00.000000','07:30:00.000000',1,1),(9,'2026-05-08','09:00:00.000000','07:30:00.000000',1,1),(10,'2026-05-15','09:00:00.000000','07:30:00.000000',1,1),(11,'2026-05-22','09:00:00.000000','07:30:00.000000',1,1),(12,'2026-05-29','09:00:00.000000','07:30:00.000000',1,1),(13,'2026-06-05','09:00:00.000000','07:30:00.000000',1,1),(14,'2026-06-12','09:00:00.000000','07:30:00.000000',1,1),(15,'2026-06-19','09:00:00.000000','07:30:00.000000',1,1),(16,'2026-06-26','09:00:00.000000','07:30:00.000000',1,1),(17,'2026-07-03','09:00:00.000000','07:30:00.000000',1,1),(18,'2026-07-10','09:00:00.000000','07:30:00.000000',1,1),(19,'2026-07-17','09:00:00.000000','07:30:00.000000',1,1),(20,'2026-07-24','09:00:00.000000','07:30:00.000000',1,1),(21,'2026-07-31','09:00:00.000000','07:30:00.000000',1,1),(22,'2026-08-07','09:00:00.000000','07:30:00.000000',1,1),(23,'2026-08-14','09:00:00.000000','07:30:00.000000',1,1),(24,'2026-08-21','09:00:00.000000','07:30:00.000000',1,1),(2,'2026-03-14','12:00:00.000000','10:30:00.000000',1,3),(1,'2026-03-16','09:00:00.000000','07:30:00.000000',1,5),(25,'2026-03-14','12:00:00.000000','10:30:00.000000',2,2),(26,'2026-03-21','12:00:00.000000','10:30:00.000000',2,2),(27,'2026-03-28','12:00:00.000000','10:30:00.000000',2,2),(28,'2026-04-04','12:00:00.000000','10:30:00.000000',2,2),(29,'2026-04-11','12:00:00.000000','10:30:00.000000',2,2),(30,'2026-04-18','12:00:00.000000','10:30:00.000000',2,2),(31,'2026-04-25','12:00:00.000000','10:30:00.000000',2,2),(32,'2026-05-02','12:00:00.000000','10:30:00.000000',2,2),(33,'2026-05-09','12:00:00.000000','10:30:00.000000',2,2),(34,'2026-05-16','12:00:00.000000','10:30:00.000000',2,2),(35,'2026-05-23','12:00:00.000000','10:30:00.000000',2,2),(36,'2026-05-30','12:00:00.000000','10:30:00.000000',2,2),(37,'2026-06-06','12:00:00.000000','10:30:00.000000',2,2),(38,'2026-06-13','12:00:00.000000','10:30:00.000000',2,2),(39,'2026-06-20','12:00:00.000000','10:30:00.000000',2,2),(40,'2026-06-27','12:00:00.000000','10:30:00.000000',2,2),(41,'2026-07-04','12:00:00.000000','10:30:00.000000',2,2),(42,'2026-07-11','12:00:00.000000','10:30:00.000000',2,2),(43,'2026-07-18','12:00:00.000000','10:30:00.000000',2,2),(44,'2026-07-25','12:00:00.000000','10:30:00.000000',2,2),(45,'2026-08-01','12:00:00.000000','10:30:00.000000',2,2),(46,'2026-08-08','12:00:00.000000','10:30:00.000000',2,2),(47,'2026-08-15','12:00:00.000000','10:30:00.000000',2,2),(48,'2026-08-22','12:00:00.000000','10:30:00.000000',2,2),(49,'2026-03-14','14:30:00.000000','13:00:00.000000',3,1),(50,'2026-03-21','14:30:00.000000','13:00:00.000000',3,1),(51,'2026-03-28','14:30:00.000000','13:00:00.000000',3,1),(52,'2026-04-04','14:30:00.000000','13:00:00.000000',3,1),(53,'2026-04-11','14:30:00.000000','13:00:00.000000',3,1),(54,'2026-04-18','14:30:00.000000','13:00:00.000000',3,1),(55,'2026-04-25','14:30:00.000000','13:00:00.000000',3,1),(56,'2026-05-02','14:30:00.000000','13:00:00.000000',3,1),(57,'2026-05-09','14:30:00.000000','13:00:00.000000',3,1),(58,'2026-05-16','14:30:00.000000','13:00:00.000000',3,1),(59,'2026-05-23','14:30:00.000000','13:00:00.000000',3,1),(60,'2026-05-30','14:30:00.000000','13:00:00.000000',3,1),(61,'2026-06-06','14:30:00.000000','13:00:00.000000',3,1),(62,'2026-06-13','14:30:00.000000','13:00:00.000000',3,1),(63,'2026-06-20','14:30:00.000000','13:00:00.000000',3,1),(64,'2026-06-27','14:30:00.000000','13:00:00.000000',3,1),(65,'2026-07-04','14:30:00.000000','13:00:00.000000',3,1),(66,'2026-07-11','14:30:00.000000','13:00:00.000000',3,1),(67,'2026-07-18','14:30:00.000000','13:00:00.000000',3,1),(68,'2026-07-25','14:30:00.000000','13:00:00.000000',3,1),(69,'2026-08-01','14:30:00.000000','13:00:00.000000',3,1),(70,'2026-08-08','14:30:00.000000','13:00:00.000000',3,1),(71,'2026-08-15','14:30:00.000000','13:00:00.000000',3,1),(72,'2026-08-22','14:30:00.000000','13:00:00.000000',3,1),(73,'2026-03-14','12:00:00.000000','10:30:00.000000',4,1),(74,'2026-03-21','12:00:00.000000','10:30:00.000000',4,1),(75,'2026-03-28','12:00:00.000000','10:30:00.000000',4,1),(76,'2026-04-04','12:00:00.000000','10:30:00.000000',4,1),(77,'2026-04-11','12:00:00.000000','10:30:00.000000',4,1),(78,'2026-04-18','12:00:00.000000','10:30:00.000000',4,1),(79,'2026-04-25','12:00:00.000000','10:30:00.000000',4,1),(80,'2026-05-02','12:00:00.000000','10:30:00.000000',4,1),(81,'2026-05-09','12:00:00.000000','10:30:00.000000',4,1),(82,'2026-05-16','12:00:00.000000','10:30:00.000000',4,1),(83,'2026-05-23','12:00:00.000000','10:30:00.000000',4,1),(84,'2026-05-30','12:00:00.000000','10:30:00.000000',4,1),(85,'2026-06-06','12:00:00.000000','10:30:00.000000',4,1),(86,'2026-06-13','12:00:00.000000','10:30:00.000000',4,1),(87,'2026-06-20','12:00:00.000000','10:30:00.000000',4,1),(88,'2026-06-27','12:00:00.000000','10:30:00.000000',4,1),(89,'2026-07-04','12:00:00.000000','10:30:00.000000',4,1),(90,'2026-07-11','12:00:00.000000','10:30:00.000000',4,1),(91,'2026-07-18','12:00:00.000000','10:30:00.000000',4,1),(92,'2026-07-25','12:00:00.000000','10:30:00.000000',4,1),(93,'2026-08-01','12:00:00.000000','10:30:00.000000',4,1),(94,'2026-08-08','12:00:00.000000','10:30:00.000000',4,1),(95,'2026-08-15','12:00:00.000000','10:30:00.000000',4,1),(96,'2026-08-22','12:00:00.000000','10:30:00.000000',4,1),(97,'2026-03-13','09:00:00.000000','07:30:00.000000',5,2),(144,'2026-03-20','09:00:00.000000','07:30:00.000000',5,2),(145,'2026-03-27','09:00:00.000000','07:30:00.000000',5,2),(146,'2026-04-03','09:00:00.000000','07:30:00.000000',5,2),(147,'2026-04-10','09:00:00.000000','07:30:00.000000',5,2),(148,'2026-04-17','09:00:00.000000','07:30:00.000000',5,2),(149,'2026-04-24','09:00:00.000000','07:30:00.000000',5,2),(150,'2026-05-01','09:00:00.000000','07:30:00.000000',5,2),(151,'2026-05-08','09:00:00.000000','07:30:00.000000',5,2),(152,'2026-05-15','09:00:00.000000','07:30:00.000000',5,2),(153,'2026-05-22','09:00:00.000000','07:30:00.000000',5,2),(154,'2026-05-29','09:00:00.000000','07:30:00.000000',5,2),(155,'2026-06-05','09:00:00.000000','07:30:00.000000',5,2),(156,'2026-06-12','09:00:00.000000','07:30:00.000000',5,2),(157,'2026-06-19','09:00:00.000000','07:30:00.000000',5,2),(158,'2026-06-26','09:00:00.000000','07:30:00.000000',5,2),(159,'2026-07-03','09:00:00.000000','07:30:00.000000',5,2),(160,'2026-07-10','09:00:00.000000','07:30:00.000000',5,2),(161,'2026-07-17','09:00:00.000000','07:30:00.000000',5,2),(162,'2026-07-24','09:00:00.000000','07:30:00.000000',5,2),(163,'2026-07-31','09:00:00.000000','07:30:00.000000',5,2),(164,'2026-08-07','09:00:00.000000','07:30:00.000000',5,2),(165,'2026-08-14','09:00:00.000000','07:30:00.000000',5,2),(166,'2026-08-21','09:00:00.000000','07:30:00.000000',5,2),(167,'2026-03-15','12:00:00.000000','10:30:00.000000',6,5),(168,'2026-03-22','12:00:00.000000','10:30:00.000000',6,5),(169,'2026-03-29','12:00:00.000000','10:30:00.000000',6,5),(170,'2026-04-05','12:00:00.000000','10:30:00.000000',6,5),(171,'2026-04-12','12:00:00.000000','10:30:00.000000',6,5),(172,'2026-04-19','12:00:00.000000','10:30:00.000000',6,5),(173,'2026-04-26','12:00:00.000000','10:30:00.000000',6,5),(174,'2026-05-03','12:00:00.000000','10:30:00.000000',6,5),(175,'2026-05-10','12:00:00.000000','10:30:00.000000',6,5),(176,'2026-05-17','12:00:00.000000','10:30:00.000000',6,5),(177,'2026-05-24','12:00:00.000000','10:30:00.000000',6,5),(178,'2026-05-31','12:00:00.000000','10:30:00.000000',6,5),(179,'2026-06-07','12:00:00.000000','10:30:00.000000',6,5),(180,'2026-06-14','12:00:00.000000','10:30:00.000000',6,5),(181,'2026-06-21','12:00:00.000000','10:30:00.000000',6,5),(182,'2026-06-28','12:00:00.000000','10:30:00.000000',6,5),(183,'2026-07-05','12:00:00.000000','10:30:00.000000',6,5),(184,'2026-07-12','12:00:00.000000','10:30:00.000000',6,5),(185,'2026-07-19','12:00:00.000000','10:30:00.000000',6,5),(186,'2026-07-26','12:00:00.000000','10:30:00.000000',6,5),(187,'2026-03-14','20:30:00.000000','19:00:00.000000',7,1),(188,'2026-03-21','20:30:00.000000','19:00:00.000000',7,1),(189,'2026-03-28','20:30:00.000000','19:00:00.000000',7,1),(190,'2026-04-04','20:30:00.000000','19:00:00.000000',7,1),(191,'2026-04-11','20:30:00.000000','19:00:00.000000',7,1),(192,'2026-04-18','20:30:00.000000','19:00:00.000000',7,1),(193,'2026-04-25','20:30:00.000000','19:00:00.000000',7,1),(194,'2026-05-02','20:30:00.000000','19:00:00.000000',7,1),(195,'2026-05-09','20:30:00.000000','19:00:00.000000',7,1),(196,'2026-05-16','20:30:00.000000','19:00:00.000000',7,1),(197,'2026-05-23','20:30:00.000000','19:00:00.000000',7,1),(198,'2026-05-30','20:30:00.000000','19:00:00.000000',7,1),(199,'2026-06-06','20:30:00.000000','19:00:00.000000',7,1),(200,'2026-06-13','20:30:00.000000','19:00:00.000000',7,1),(201,'2026-06-20','20:30:00.000000','19:00:00.000000',7,1),(202,'2026-06-27','20:30:00.000000','19:00:00.000000',7,1),(203,'2026-07-04','20:30:00.000000','19:00:00.000000',7,1),(204,'2026-07-11','20:30:00.000000','19:00:00.000000',7,1),(205,'2026-07-18','20:30:00.000000','19:00:00.000000',7,1),(206,'2026-07-25','20:30:00.000000','19:00:00.000000',7,1),(207,'2026-08-01','20:30:00.000000','19:00:00.000000',7,1),(208,'2026-08-08','20:30:00.000000','19:00:00.000000',7,1),(209,'2026-08-15','20:30:00.000000','19:00:00.000000',7,1),(210,'2026-08-22','20:30:00.000000','19:00:00.000000',7,1),(211,'2026-08-29','20:30:00.000000','19:00:00.000000',7,1),(212,'2026-09-05','20:30:00.000000','19:00:00.000000',7,1),(213,'2026-09-12','20:30:00.000000','19:00:00.000000',7,1),(214,'2026-09-19','20:30:00.000000','19:00:00.000000',7,1),(215,'2026-03-16','17:30:00.000000','16:00:00.000000',8,5),(216,'2026-03-19','17:30:00.000000','16:00:00.000000',8,5),(217,'2026-03-23','17:30:00.000000','16:00:00.000000',8,5),(218,'2026-03-26','17:30:00.000000','16:00:00.000000',8,5),(219,'2026-03-30','17:30:00.000000','16:00:00.000000',8,5),(220,'2026-04-02','17:30:00.000000','16:00:00.000000',8,5),(221,'2026-04-06','17:30:00.000000','16:00:00.000000',8,5),(222,'2026-04-09','17:30:00.000000','16:00:00.000000',8,5),(223,'2026-04-13','17:30:00.000000','16:00:00.000000',8,5),(224,'2026-04-16','17:30:00.000000','16:00:00.000000',8,5),(225,'2026-04-20','17:30:00.000000','16:00:00.000000',8,5),(226,'2026-04-23','17:30:00.000000','16:00:00.000000',8,5),(227,'2026-04-27','17:30:00.000000','16:00:00.000000',8,5),(228,'2026-04-30','17:30:00.000000','16:00:00.000000',8,5),(229,'2026-05-04','17:30:00.000000','16:00:00.000000',8,5),(230,'2026-05-07','17:30:00.000000','16:00:00.000000',8,5),(231,'2026-05-11','17:30:00.000000','16:00:00.000000',8,5),(232,'2026-05-14','17:30:00.000000','16:00:00.000000',8,5),(233,'2026-05-18','17:30:00.000000','16:00:00.000000',8,5),(234,'2026-05-21','17:30:00.000000','16:00:00.000000',8,5),(235,'2026-05-25','17:30:00.000000','16:00:00.000000',8,5),(236,'2026-05-28','17:30:00.000000','16:00:00.000000',8,5),(237,'2026-06-01','17:30:00.000000','16:00:00.000000',8,5),(238,'2026-06-04','17:30:00.000000','16:00:00.000000',8,5),(239,'2026-03-16','20:30:00.000000','19:00:00.000000',9,7),(240,'2026-03-21','20:30:00.000000','19:00:00.000000',9,7),(241,'2026-03-23','20:30:00.000000','19:00:00.000000',9,7),(242,'2026-03-28','20:30:00.000000','19:00:00.000000',9,7),(243,'2026-03-30','20:30:00.000000','19:00:00.000000',9,7),(244,'2026-04-04','20:30:00.000000','19:00:00.000000',9,7),(245,'2026-04-06','20:30:00.000000','19:00:00.000000',9,7),(246,'2026-04-11','20:30:00.000000','19:00:00.000000',9,7),(247,'2026-04-13','20:30:00.000000','19:00:00.000000',9,7),(248,'2026-04-18','20:30:00.000000','19:00:00.000000',9,7),(249,'2026-04-20','20:30:00.000000','19:00:00.000000',9,7),(250,'2026-04-25','20:30:00.000000','19:00:00.000000',9,7),(251,'2026-04-27','20:30:00.000000','19:00:00.000000',9,7),(252,'2026-05-02','20:30:00.000000','19:00:00.000000',9,7),(253,'2026-05-04','20:30:00.000000','19:00:00.000000',9,7),(254,'2026-05-09','20:30:00.000000','19:00:00.000000',9,7),(255,'2026-05-11','20:30:00.000000','19:00:00.000000',9,7),(256,'2026-05-16','20:30:00.000000','19:00:00.000000',9,7),(257,'2026-03-16','14:30:00.000000','13:00:00.000000',10,7),(258,'2026-03-23','14:30:00.000000','13:00:00.000000',10,7),(259,'2026-03-30','14:30:00.000000','13:00:00.000000',10,7),(260,'2026-04-06','14:30:00.000000','13:00:00.000000',10,7),(261,'2026-04-13','14:30:00.000000','13:00:00.000000',10,7),(262,'2026-04-20','14:30:00.000000','13:00:00.000000',10,7),(263,'2026-04-27','14:30:00.000000','13:00:00.000000',10,7),(264,'2026-05-04','14:30:00.000000','13:00:00.000000',10,7),(265,'2026-05-11','14:30:00.000000','13:00:00.000000',10,7),(266,'2026-05-18','14:30:00.000000','13:00:00.000000',10,7),(267,'2026-05-25','14:30:00.000000','13:00:00.000000',10,7),(268,'2026-06-01','14:30:00.000000','13:00:00.000000',10,7),(269,'2026-06-08','14:30:00.000000','13:00:00.000000',10,7),(270,'2026-06-15','14:30:00.000000','13:00:00.000000',10,7),(271,'2026-06-22','14:30:00.000000','13:00:00.000000',10,7),(272,'2026-06-29','14:30:00.000000','13:00:00.000000',10,7),(273,'2026-07-06','14:30:00.000000','13:00:00.000000',10,7),(274,'2026-07-13','14:30:00.000000','13:00:00.000000',10,7),(275,'2026-07-20','14:30:00.000000','13:00:00.000000',10,7),(276,'2026-07-27','14:30:00.000000','13:00:00.000000',10,7),(277,'2026-03-16','12:00:00.000000','10:30:00.000000',11,8),(278,'2026-03-23','12:00:00.000000','10:30:00.000000',11,8),(279,'2026-03-30','12:00:00.000000','10:30:00.000000',11,8),(280,'2026-04-06','12:00:00.000000','10:30:00.000000',11,8),(281,'2026-04-13','12:00:00.000000','10:30:00.000000',11,8),(282,'2026-04-20','12:00:00.000000','10:30:00.000000',11,8),(283,'2026-04-27','12:00:00.000000','10:30:00.000000',11,8),(284,'2026-05-04','12:00:00.000000','10:30:00.000000',11,8),(285,'2026-05-11','12:00:00.000000','10:30:00.000000',11,8),(286,'2026-05-18','12:00:00.000000','10:30:00.000000',11,8),(287,'2026-05-25','12:00:00.000000','10:30:00.000000',11,8),(288,'2026-06-01','12:00:00.000000','10:30:00.000000',11,8),(289,'2026-06-08','12:00:00.000000','10:30:00.000000',11,8),(290,'2026-06-15','12:00:00.000000','10:30:00.000000',11,8),(291,'2026-06-22','12:00:00.000000','10:30:00.000000',11,8),(292,'2026-06-29','12:00:00.000000','10:30:00.000000',11,8),(293,'2026-07-06','12:00:00.000000','10:30:00.000000',11,8),(294,'2026-07-13','12:00:00.000000','10:30:00.000000',11,8),(295,'2026-07-20','12:00:00.000000','10:30:00.000000',11,8),(296,'2026-07-27','12:00:00.000000','10:30:00.000000',11,8),(297,'2026-08-03','12:00:00.000000','10:30:00.000000',11,8),(298,'2026-08-10','12:00:00.000000','10:30:00.000000',11,8),(299,'2026-03-18','17:30:00.000000','16:00:00.000000',12,10),(300,'2026-03-25','17:30:00.000000','16:00:00.000000',12,10),(301,'2026-04-01','17:30:00.000000','16:00:00.000000',12,10),(302,'2026-04-08','17:30:00.000000','16:00:00.000000',12,10),(303,'2026-04-15','17:30:00.000000','16:00:00.000000',12,10),(304,'2026-04-22','17:30:00.000000','16:00:00.000000',12,10),(305,'2026-04-29','17:30:00.000000','16:00:00.000000',12,10),(306,'2026-05-06','17:30:00.000000','16:00:00.000000',12,10),(307,'2026-05-13','17:30:00.000000','16:00:00.000000',12,10),(308,'2026-05-20','17:30:00.000000','16:00:00.000000',12,10),(309,'2026-05-27','17:30:00.000000','16:00:00.000000',12,10),(310,'2026-06-03','17:30:00.000000','16:00:00.000000',12,10),(311,'2026-06-10','17:30:00.000000','16:00:00.000000',12,10),(312,'2026-06-17','17:30:00.000000','16:00:00.000000',12,10),(313,'2026-06-24','17:30:00.000000','16:00:00.000000',12,10),(314,'2026-07-01','17:30:00.000000','16:00:00.000000',12,10),(315,'2026-07-08','17:30:00.000000','16:00:00.000000',12,10),(316,'2026-07-15','17:30:00.000000','16:00:00.000000',12,10),(317,'2026-07-22','17:30:00.000000','16:00:00.000000',12,10),(318,'2026-07-29','17:30:00.000000','16:00:00.000000',12,10),(319,'2026-08-05','17:30:00.000000','16:00:00.000000',12,10),(320,'2026-08-12','17:30:00.000000','16:00:00.000000',12,10);
/*!40000 ALTER TABLE `schedule` ENABLE KEYS */;
UNLOCK TABLES;

--
-- Table structure for table `staff`
--

DROP TABLE IF EXISTS `staff`;
/*!40101 SET @saved_cs_client     = @@character_set_client */;
/*!50503 SET character_set_client = utf8mb4 */;
CREATE TABLE `staff` (
  `staff_id` bigint NOT NULL AUTO_INCREMENT,
  `created_at` datetime(6) DEFAULT NULL,
  `email` varchar(255) DEFAULT NULL,
  `full_name` varchar(255) NOT NULL,
  `phone` varchar(255) DEFAULT NULL,
  `role` enum('ACCOUNTANT','CONSULTANT') DEFAULT NULL,
  `status` enum('ACTIVE','INACTIVE') DEFAULT NULL,
  `updated_at` datetime(6) DEFAULT NULL,
  PRIMARY KEY (`staff_id`)
) ENGINE=InnoDB AUTO_INCREMENT=11 DEFAULT CHARSET=utf8mb4 COLLATE=utf8mb4_0900_ai_ci;
/*!40101 SET character_set_client = @saved_cs_client */;

--
-- Dumping data for table `staff`
--

LOCK TABLES `staff` WRITE;
/*!40000 ALTER TABLE `staff` DISABLE KEYS */;
INSERT INTO `staff` VALUES (1,NULL,'linhtruong@email.com','Trương Thị Linh','0811111111','ACCOUNTANT','ACTIVE',NULL),(2,NULL,'duongky@email.com','Dương Văn Kỳ','0822222222','CONSULTANT','ACTIVE',NULL),(3,NULL,'tangoc@email.com','Tạ Thị Ngọc','0833333333','ACCOUNTANT','ACTIVE',NULL),(4,NULL,'vominh@email.com','Võ Minh Đức','0844444444','CONSULTANT','ACTIVE',NULL),(5,NULL,'nongyen@email.com','Nông Thị Yến','0855555555','ACCOUNTANT','ACTIVE',NULL),(6,NULL,'tohuydang@email.com','Tô Đăng Huy','0866666666','CONSULTANT','ACTIVE',NULL),(7,NULL,'phantuyet@email.com','Phan Thị Tuyết','0877777777','ACCOUNTANT','ACTIVE',NULL),(8,NULL,'becuong@email.com','Bế Văn Cường','0888888888','CONSULTANT','ACTIVE',NULL),(9,NULL,'hahuong@email.com','Hà Thị Hương','0899999999','ACCOUNTANT','ACTIVE',NULL),(10,NULL,'luuhao@email.com','Lưu Văn Hạo','0800000000','CONSULTANT','ACTIVE',NULL);
/*!40000 ALTER TABLE `staff` ENABLE KEYS */;
UNLOCK TABLES;

--
-- Table structure for table `student`
--

DROP TABLE IF EXISTS `student`;
/*!40101 SET @saved_cs_client     = @@character_set_client */;
/*!50503 SET character_set_client = utf8mb4 */;
CREATE TABLE `student` (
  `student_id` bigint NOT NULL AUTO_INCREMENT,
  `address` varchar(255) DEFAULT NULL,
  `date_of_birth` date DEFAULT NULL,
  `email` varchar(255) DEFAULT NULL,
  `full_name` varchar(255) NOT NULL,
  `gender` enum('FEMALE','MALE','OTHER') DEFAULT NULL,
  `phone` varchar(255) DEFAULT NULL,
  `registered_at` datetime(6) DEFAULT NULL,
  `status` enum('ACTIVE','INACTIVE') DEFAULT NULL,
  `updated_at` datetime(6) DEFAULT NULL,
  PRIMARY KEY (`student_id`)
) ENGINE=InnoDB AUTO_INCREMENT=13 DEFAULT CHARSET=utf8mb4 COLLATE=utf8mb4_0900_ai_ci;
/*!40101 SET character_set_client = @saved_cs_client */;

--
-- Dumping data for table `student`
--

LOCK TABLES `student` WRITE;
/*!40000 ALTER TABLE `student` DISABLE KEYS */;
INSERT INTO `student` VALUES (1,'123 Đường Láng, Hà Nội','2000-01-15','nguyena@email.com','Nguyễn Văn A','MALE','0901234567',NULL,'ACTIVE',NULL),(2,'456 Trần Phú, Hà Nội','2001-05-20','tranb@email.com','Trần Thị B','FEMALE','0987654321',NULL,'ACTIVE',NULL),(3,'789 Nguyễn Huệ, TP.HCM','2000-08-10','phamc@email.com','Phạm Quốc C','MALE','0912345678',NULL,'ACTIVE',NULL),(4,'101 Cách Mạng, Đà Nẵng','2002-02-25','led@email.com','Lê Thị D','FEMALE','0923456789',NULL,'ACTIVE',NULL),(5,'202 Hoàng Văn Thụ, Hà Nội','2001-11-08','voe@email.com','Võ Văn E','MALE','0934567890',NULL,'INACTIVE','2026-03-14 20:56:09.558264'),(6,'302 Phan Bội Châu, Huế','2000-07-12','dof@email.com','Đỗ Thị F','FEMALE','0945678901',NULL,'ACTIVE',NULL),(7,'404 Ngô Quyền, Hải Phòng','2002-02-28','hoang.g@email.com','Hoàng Văn G','MALE','0956789012',NULL,'ACTIVE',NULL),(8,'505 Tô Hiến Thành, Hà Nội','2001-09-14','buih@email.com','Bùi Thị H','FEMALE','0967890123',NULL,'INACTIVE','2026-03-14 20:56:22.356422'),(9,'606 Đinh Tiên Hoàng, Hà Nội','2000-12-30','noni@email.com','Nơn Văn I','MALE','0978901234',NULL,'ACTIVE',NULL),(10,'707 Thanh Lương, Kiên Giang','2002-06-17','taj@email.com','Tạ Thị J','FEMALE','0989012345',NULL,'ACTIVE',NULL),(11,'','2005-09-09','','Võ Lê Khánh Duy','MALE','09877987','2026-03-13 07:41:04.926787','ACTIVE','2026-03-15 10:22:21.810686'),(12,'','2005-01-01','','Trần Triều Dương','MALE','','2026-03-13 09:12:07.514613','ACTIVE','2026-03-15 10:22:42.165272');
/*!40000 ALTER TABLE `student` ENABLE KEYS */;
UNLOCK TABLES;

--
-- Table structure for table `teacher`
--

DROP TABLE IF EXISTS `teacher`;
/*!40101 SET @saved_cs_client     = @@character_set_client */;
/*!50503 SET character_set_client = utf8mb4 */;
CREATE TABLE `teacher` (
  `teacher_id` bigint NOT NULL AUTO_INCREMENT,
  `email` varchar(255) DEFAULT NULL,
  `full_name` varchar(255) NOT NULL,
  `hire_date` datetime(6) DEFAULT NULL,
  `phone` varchar(255) DEFAULT NULL,
  `specialty` enum('COMMUNICATION','IELTS','TOEIC') DEFAULT NULL,
  `status` enum('ACTIVE','INACTIVE') DEFAULT NULL,
  `updated_at` datetime(6) DEFAULT NULL,
  PRIMARY KEY (`teacher_id`)
) ENGINE=InnoDB AUTO_INCREMENT=11 DEFAULT CHARSET=utf8mb4 COLLATE=utf8mb4_0900_ai_ci;
/*!40101 SET character_set_client = @saved_cs_client */;

--
-- Dumping data for table `teacher`
--

LOCK TABLES `teacher` WRITE;
/*!40000 ALTER TABLE `teacher` DISABLE KEYS */;
INSERT INTO `teacher` VALUES (1,'tuanngominH@email.com','Ngô Minh Tuấn',NULL,'0911111111','IELTS','ACTIVE','2026-03-13 10:27:00.467233'),(2,'phamhuong@email.com','Phạm Thanh Hương',NULL,'0922222222','TOEIC','ACTIVE',NULL),(3,'tranhai@email.com','Trần Hải David',NULL,'0933333333','COMMUNICATION','ACTIVE',NULL),(4,'levan.mark@email.com','Lê Văn Mark',NULL,'0944444444','IELTS','ACTIVE',NULL),(5,'danghoa@email.com','Đặng Thị Hoa',NULL,'0955555555','TOEIC','ACTIVE',NULL),(6,'vuquocviet@email.com','Vũ Quốc Việt',NULL,'0966666666','COMMUNICATION','ACTIVE',NULL),(7,'nguyentam@email.com','Nguyễn Thanh Tâm',NULL,'0977777777','IELTS','ACTIVE',NULL),(8,'hoangminhnhat@email.com','Hoàng Minh Nhật',NULL,'0988888888','TOEIC','ACTIVE',NULL),(9,'lythanhbinh@email.com','Lý Thanh Bình',NULL,'0999999999','COMMUNICATION','INACTIVE','2026-03-14 20:56:38.702203'),(10,'machanhTuan@email.com','Mạc Anh Tuấn',NULL,'0900000000','IELTS','ACTIVE',NULL);
/*!40000 ALTER TABLE `teacher` ENABLE KEYS */;
UNLOCK TABLES;

--
-- Table structure for table `user_account`
--

DROP TABLE IF EXISTS `user_account`;
/*!40101 SET @saved_cs_client     = @@character_set_client */;
/*!50503 SET character_set_client = utf8mb4 */;
CREATE TABLE `user_account` (
  `user_id` binary(16) NOT NULL,
  `password_hash` varchar(255) NOT NULL,
  `role` enum('ADMIN','STAFF','STUDENT','TEACHER') DEFAULT NULL,
  `username` varchar(255) NOT NULL,
  `staff_id` bigint DEFAULT NULL,
  `student_id` bigint DEFAULT NULL,
  `teacher_id` bigint DEFAULT NULL,
  PRIMARY KEY (`user_id`),
  UNIQUE KEY `UKcastjbvpeeus0r8lbpehiu0e4` (`username`),
  UNIQUE KEY `UKshx45q2c90pacj6n0rv66blnv` (`staff_id`),
  UNIQUE KEY `UKsu6iludkjhttkdsupl1sw5hbh` (`student_id`),
  UNIQUE KEY `UK9fh1pkscllt7c54gvrotn2d78` (`teacher_id`),
  CONSTRAINT `FK3al17y6k2jetq53474a7hiqbv` FOREIGN KEY (`student_id`) REFERENCES `student` (`student_id`),
  CONSTRAINT `FKbrlb5tsotsjh2nqwrgwgkroov` FOREIGN KEY (`staff_id`) REFERENCES `staff` (`staff_id`),
  CONSTRAINT `FKqbbthryvgyt9k424xrffwjex9` FOREIGN KEY (`teacher_id`) REFERENCES `teacher` (`teacher_id`)
) ENGINE=InnoDB DEFAULT CHARSET=utf8mb4 COLLATE=utf8mb4_0900_ai_ci;
/*!40101 SET character_set_client = @saved_cs_client */;

--
-- Dumping data for table `user_account`
--

LOCK TABLES `user_account` WRITE;
/*!40000 ALTER TABLE `user_account` DISABLE KEYS */;
INSERT INTO `user_account` VALUES (_binary 'U \0\ AԧDfUD\0','$2a$12$MJQ/McVoRniCmlGuaiItgO82x2j0ELVaFjEH5Fprg3hJiF7kk3aE2','STUDENT','student001',NULL,1,NULL),(_binary 'U \0\ AԧDfUD\0','$2a$12$MJQ/McVoRniCmlGuaiItgO82x2j0ELVaFjEH5Fprg3hJiF7kk3aE2','STUDENT','student002',NULL,2,NULL),(_binary 'U \0\ AԧDfUD\0','$2a$12$MJQ/McVoRniCmlGuaiItgO82x2j0ELVaFjEH5Fprg3hJiF7kk3aE2','STUDENT','student003',NULL,3,NULL),(_binary 'U \0\ AԧDfUD\0','$2a$12$MJQ/McVoRniCmlGuaiItgO82x2j0ELVaFjEH5Fprg3hJiF7kk3aE2','TEACHER','teacher001',NULL,NULL,1),(_binary 'U \0\ AԧDfUD\0','$2a$12$MJQ/McVoRniCmlGuaiItgO82x2j0ELVaFjEH5Fprg3hJiF7kk3aE2','TEACHER','teacher002',NULL,NULL,2),(_binary 'U \0\ AԧDfUD\0','$2a$12$MJQ/McVoRniCmlGuaiItgO82x2j0ELVaFjEH5Fprg3hJiF7kk3aE2','TEACHER','teacher003',NULL,NULL,3),(_binary 'U \0\ AԧDfUD\0 ','$2a$12$MJQ/McVoRniCmlGuaiItgO82x2j0ELVaFjEH5Fprg3hJiF7kk3aE2','STAFF','staff001',1,NULL,NULL),(_binary 'U \0\ AԧDfUD\0','$2a$12$MJQ/McVoRniCmlGuaiItgO82x2j0ELVaFjEH5Fprg3hJiF7kk3aE2','STAFF','staff002',2,NULL,NULL),(_binary 'U \0\ AԧDfUD\0	','$2a$12$MJQ/McVoRniCmlGuaiItgO82x2j0ELVaFjEH5Fprg3hJiF7kk3aE2','ADMIN','admin001',NULL,NULL,NULL),(_binary 'U \0\ AԧDfUD\0','$2a$12$MJQ/McVoRniCmlGuaiItgO82x2j0ELVaFjEH5Fprg3hJiF7kk3aE2','STAFF','staff003',3,NULL,NULL),(_binary 'z7  6M  \ Z A','$2a$12$ktqYy0/lTFlYYNd6fXYntOV/KsIzJLIKKaXHqjLJ9DXaTGBXpMs.m','STUDENT','student100',NULL,11,NULL),(_binary '\ !  w\ D    L \ =','$2a$12$IYThvTeJK6hBUHJ0SrIO9.WVd7drrJuP7IPeS7ZP.gx7dBX6Uwqz6','STUDENT','student099',NULL,12,NULL);
/*!40000 ALTER TABLE `user_account` ENABLE KEYS */;
UNLOCK TABLES;
/*!40103 SET TIME_ZONE=@OLD_TIME_ZONE */;

/*!40101 SET SQL_MODE=@OLD_SQL_MODE */;
/*!40014 SET FOREIGN_KEY_CHECKS=@OLD_FOREIGN_KEY_CHECKS */;
/*!40014 SET UNIQUE_CHECKS=@OLD_UNIQUE_CHECKS */;
/*!40101 SET CHARACTER_SET_CLIENT=@OLD_CHARACTER_SET_CLIENT */;
/*!40101 SET CHARACTER_SET_RESULTS=@OLD_CHARACTER_SET_RESULTS */;
/*!40101 SET COLLATION_CONNECTION=@OLD_COLLATION_CONNECTION */;
/*!40111 SET SQL_NOTES=@OLD_SQL_NOTES */;

-- Dump completed on 2026-03-15 10:29:58
